{"cameraMode":{"drawMode":0,"name":"Shaded","section":"Shading Mode"},"sceneLighting":false,"audioPlay":false,"sceneViewState":{"m_AlwaysRefresh":false,"showFog":false,"showSkybox":false,"showFlares":false,"showImageEffects":false,"showParticleSystems":false,"showVisualEffectGraphs":true,"m_FxEnabled":true},"in2DMode":false,"pivot":{"x":-0.17003929615020753,"y":0.25059881806373598,"z":-0.0927438735961914},"rotation":{"x":-0.0016117481281980873,"y":0.9982108473777771,"z":-0.03176342695951462,"w":-0.05065140128135681},"size":0.6300517320632935,"orthographic":false}