{"cameraMode":{"drawMode":0,"name":"Shaded","section":"Shading Mode"},"sceneLighting":false,"audioPlay":false,"sceneViewState":{"m_AlwaysRefresh":false,"showFog":true,"showSkybox":false,"showFlares":true,"showImageEffects":true,"showParticleSystems":true,"showVisualEffectGraphs":true,"m_FxEnabled":true},"in2DMode":false,"pivot":{"x":-0.7002030611038208,"y":0.8720464110374451,"z":-0.8269319534301758},"rotation":{"x":-0.018432017415761949,"y":0.9805833697319031,"z":-0.11407136172056198,"w":-0.15844599902629853},"size":1.4919825792312623,"orthographic":false}