{"cameraMode":{"drawMode":0,"name":"Shaded","section":"Shading Mode"},"sceneLighting":true,"audioPlay":false,"sceneViewState":{"m_AlwaysRefresh":false,"showFog":true,"showSkybox":true,"showFlares":true,"showImageEffects":true,"showParticleSystems":true,"showVisualEffectGraphs":true,"m_FxEnabled":true},"in2DMode":false,"pivot":{"x":-57.064422607421878,"y":-12.850221633911133,"z":-46.99942398071289},"rotation":{"x":0.04214834049344063,"y":-0.8943034410476685,"z":0.08609537035226822,"w":0.43725040555000307},"size":47.35841751098633,"orthographic":false}