{"cameraMode":{"drawMode":0,"name":"Shaded","section":"Shading Mode"},"sceneLighting":true,"audioPlay":false,"sceneViewState":{"m_AlwaysRefresh":false,"showFog":true,"showSkybox":true,"showFlares":true,"showImageEffects":true,"showParticleSystems":true,"showVisualEffectGraphs":true,"m_FxEnabled":true},"in2DMode":false,"pivot":{"x":61.51409912109375,"y":2.4022998809814455,"z":67.91229248046875},"rotation":{"x":-0.12269746512174607,"y":-0.002347024157643318,"z":0.00030805461574345827,"w":-0.9925169944763184},"size":56.83507537841797,"orthographic":false}