{"cameraMode":{"drawMode":0,"name":"Shaded","section":"Shading Mode"},"sceneLighting":true,"audioPlay":false,"sceneViewState":{"m_AlwaysRefresh":false,"showFog":true,"showSkybox":true,"showFlares":true,"showImageEffects":true,"showParticleSystems":true,"showVisualEffectGraphs":true,"m_FxEnabled":true},"in2DMode":false,"pivot":{"x":-18.092504501342775,"y":1.1384105682373047,"z":2.183979034423828},"rotation":{"x":-0.00007574782648589462,"y":-0.9720767736434937,"z":0.23479510843753816,"w":-0.0002948720648419112},"size":9.39559555053711,"orthographic":true}