{"cameraMode":{"drawMode":0,"name":"Shaded","section":"Shading Mode"},"sceneLighting":true,"audioPlay":false,"sceneViewState":{"m_AlwaysRefresh":false,"showFog":true,"showSkybox":true,"showFlares":true,"showImageEffects":true,"showParticleSystems":true,"showVisualEffectGraphs":true,"m_FxEnabled":true},"in2DMode":false,"pivot":{"x":0.3045225143432617,"y":-28.35868263244629,"z":-134.39395141601563},"rotation":{"x":-0.004573865327984095,"y":-0.991646409034729,"z":0.12410126626491547,"w":-0.03663976117968559},"size":76.88969421386719,"orthographic":false}