{"cameraMode":{"drawMode":0,"name":"Shaded","section":"Shading Mode"},"sceneLighting":false,"audioPlay":false,"sceneViewState":{"m_AlwaysRefresh":false,"showFog":false,"showSkybox":false,"showFlares":false,"showImageEffects":false,"showParticleSystems":false,"showVisualEffectGraphs":true,"m_FxEnabled":true},"in2DMode":false,"pivot":{"x":-0.022774934768676759,"y":0.9691555500030518,"z":0.05405093729496002},"rotation":{"x":0.0739961564540863,"y":-0.7916302680969238,"z":0.097864530980587,"w":0.5985572934150696},"size":1.3294193744659424,"orthographic":false}